"","colour","oldest","youngest","height","weight","scars","year_of_discovery","number_of_lost_teeth","life_length","number"
"1","red",-1992,1800,50.1330384166611,13.5079293255391,9.93865628042843,1750.38364167478,20.3378773125609,1377.15816050782,1027
"2","green",-1994,1797,49.8866576436137,13.4880065322525,9.92702702702703,1748.58378378378,19.1108108108108,1352.23359644851,370
"3","black",-1953,1652,50.8056729314497,13.3697443181091,11.7777777777778,1750.2962962963,21.037037037037,1484.5885194195,27
"4","blue",-1999,1797,49.9731837149698,13.4745269119014,9.86458333333333,1751.53298611111,19.9322916666667,1366.70074515613,576
